{"blas_mkl_info": "\n  FOUND:\n    libraries = ['mkl_intel_lp64', 'mkl_intel_thread', 'mkl_core', 'iomp5', 'pthread']\n    library_dirs = ['/Users/filo/anaconda/lib']\n    define_macros = [('SCIPY_MKL_H', None)]\n    include_dirs = ['/Users/filo/anaconda/include']", "blas_opt_info": "", "extensions": {"python.details": {"document_names": {"description": "DESCRIPTION.rst"}, "project_urls": {"Home": "https://pypi.python.org/pypi/scikit-learn/"}}}, "extras": [], "generator": "bdist_wheel (0.30.0)", "metadata_version": "2.0", "name": "sklearn", "run_requires": [{"requires": ["scikit-learn"]}], "summary": "A set of python modules for machine learning and data mining", "version": "0.0"}